smiles,logS
c1ccc2c(c1)CCOC2,-0.9833561009190728
c1ccc2c(c1)Cc1ccccc1-2,-1.980413637664912
c1ccc2c(c1)CCCC2,-1.6863434213645803
CCc1ccccc1,-1.3177818039812776
C1=CCCCC1,-1.216889832458779
C1CCSC1,-0.917633969313843
CN1CCCC1=O,-0.4994416310599311
COCc1ccccc1,-1.0707561711293143
CCCCN1Cc2ccccc2C1,-1.5041859425136177
CCCc1ccccc1,-1.2520270485410077
CCCCCCCCOCc1ccc(OC)cc1,-2.03992892872829
CC(C)CCOCc1ccccc1,-1.5676779694809397
CC1=CCCCC1,-1.5633615283343982
CC1=C(C)CCCC1,-1.3675899766098447
C1=CCCC1,-0.9890531678668038
C=CCCCCCC,-1.5119163870727237
CC1=C(C)C(=O)CCC1,-1.2825678835885121
C=C1CCC2CC1C2(C)C,-1.8719193630736317
CCN1CCCC1=O,-0.5680557743576928
CC(=O)N1CCCC1,-0.11298974648203146
CCN(CC)C(C)=O,-0.6961600416553804
O=C1CCCN1Cc1ccccc1,-1.2045044165121421
O=C(c1ccccc1)N1CCCC1,-0.9958407988323712
O=C(c1ccccc1)N1CCCCC1,-1.4316114755836662
CCNC(C)=O,-0.5712452848866366
Cc1ccc(S(=O)(=O)O)cc1,-0.7870140546173683
c1ccc2c(c1)CCC2,-1.3236442931841033
CC1=CCC2CC1C2(C)C,-1.550974258856448
CC12CCC3C(CC=C4CC(O)CCC43C)C1CCC2=O,-1.8991790907185202
CC(=O)OC1CCC2(C)C(=CCC3C4CCC(=O)C4(C)CCC32)C1,-2.3646178014977313
C1=C(c2ccccc2)CCCC1,-1.8823368558104614
C=C(C)C1CCC2=CCCC(C)C2(C)C1,-2.3989900983400885
C=C(C)C1CCC(C)C2=C(C1)C(C)CC2,-2.252071386302678
CC(=O)OC1CCC2(C)C(=CCC3C2CCC2(C)C3CC3OC4(CCC(C)CO4)C(C)C32)C1,-3.0363273703808886
CC(C)(C)C1=CCCCC1,-1.6953141052014806
COC(=O)C12CCC(C)(C)CC1C1=CCC3C4(C)CCC(O)C(C)(C)C4CCC3(C)C1(C)CC2,-3.2131244100927203
CC1(O)C=CCCC1,-0.9065991649757625
CCCCC1(O[Si](C)(C)C)C=CCC1,-2.182012703869742
CC1(O)CCCC=C1c1ccccc1,-1.4951641301544112
CC1(O)CCCC=C1c1ccc(C(C)(C)O)cc1,-1.8965182550337996
COc1cccc(C2=CCCCC2(C)O)c1,-1.4174926104584258
COc1cncc(C2=CCCCC2(C)O)c1,-1.5157247381445695
OC1(c2ccccc2)C=CCCC1,-1.5882486789879466
CC1=CC(C)(O[Si](C)(C)C)CCC1,-2.23531952682232
CCC=CC(C)(C)O,-1.053024931277108
CCCCCCC=CC(C)(C)O,-1.8052060791308706
CCCCC#CC(C)(C)O,-1.3280843344691071
CC1=CCCC(C)(C)C12CCC(C)O2,-1.9263813839137012
C=C(C)C1CC=C(C)C(C)(O)C1,-1.377717562902914
C=C(C)C1CC=C(C)CC1,-1.805377000964223
CC(=O)OCC1=CCC2CC1C2(C)C,-1.3846068225746493
CC(=O)OCCC1=CCC2CC1C2(C)C,-1.32000333216737
CC(=O)NCCC1=CCC2CC1C2(C)C,-1.3053005913169324
CC1(C)C2CC=C(CCN3C(=O)CCC3=O)C1C2,-1.5119628864934582
CC(=O)OCCC1=C(C)CCC2C(C)(C)CCCC12C,-2.4171600356872176
CC1=C2CC(C(C)(C)O[Si](C)(C)C)CCC2(C)CCC1,-2.8690930195381954
C=C(C)C1CCC2(C)CCCC(C)=C2C1,-2.186678264536486
CC[Si](CC)(CC)OC(C)(C)C1CCC2(C)C=CCC(C)C2C1,-3.1797499232785706
CC1(C)C2=CCCC(C)(C)C23CCC1C3,-2.3868632370681593
CC(=O)OC(C)(C)C1CCC(C)C2=C(C1)C(C)CC2,-2.0949277010054597
CC1=CCC23CC1C(C)(C)C2CCC3C,-2.1037246765652076
CC12CCC3C(CC=C4CC(OC5OC(COC(=O)c6ccccc6)C(OC(=O)c6ccccc6)C(OC(=O)c6ccccc6)C5OC(=O)c5ccccc5)CCC43C)C1CCC2=O,-4.286509456906058
CC12CCC3C(CC=C4CC(OC5OC(CO)C(O)C(O)C5O)CCC43C)C1CCC2=O,-0.9354289516807439
COC(=O)C12CCC(C)(C)CC1C1=CCC3C4(C)CCC(=O)C(C)(C)C4CCC3(C)C1(C)CC2,-3.74744549741605
COC(=O)C1(C)CCC2(C)CCC3(C)C(=CCC4C5(C)CCC(O)C(C)(C)C5CCC43C)C2C1,-3.65766616122643
C1CCOCC1,-1.0519048946379645
C1C2CC3CC1CC(C2)C3,-1.5099273681328784
CCCCC(=O)c1ccccc1,-1.7924349960287596
CCCCCOC(=O)c1ccc(Cl)cc1,-2.1711206275812724
O=C(OC1CCCCCC1)c1ccc(Cl)cc1,-2.425681498049661
CC1(C)CCCC2(C)C1CCC1(C)OC(=O)CC12,-1.7179635032186464
CCCCCc1ccncc1,-1.3324992773443256
CCCC(C)COC(=O)c1ccc(Cl)cc1,-2.2825570204010277
O=C(OC1CC2CCC1C2)c1ccc(Cl)cc1,-1.819449532788194
CC1CCC(OC(=O)c2ccc(Cl)cc2)CC1,-1.985574394782493
CC(C)CCOC(=O)c1ccc(Cl)cc1,-1.7228892612851028
O=C(OCCCCc1ccccc1)c1ccc(Cl)cc1,-2.404801824072824
COC(=O)C1(NC(=O)c2ccccc2)CCCCC1,-1.1077898513743
O=C1c2ccccc2C(=O)N1C1CCCCCC1,-1.7364453071240444
COC(=O)C1CCCCC1C(=O)OC,-0.6879403867641039
C1CCCCC1,-1.5414973395618008
Cc1ccccc1,-1.1177235987393779
C1CCC2CCCCC2C1,-1.99388551483883
c1ccc(Cc2ccccc2)cc1,-1.570806365508219
CC1CCCCC1C,-1.6141917638820895
CC(=O)OC1(C)CCC2C(C)(C)C3CC21CCC3C,-2.1226447820762284
CC1(C)CCCC2(C)C1CCC1(C)OCCC12,-2.173108584420644
c1ccc(Cc2ccccn2)cc1,-1.4600049229942489
O=[N+]([O-])c1ccc(Cc2ccccc2)cc1,-1.7201330619546997
O=C1c2ccccc2Cc2ccccc21,-1.5890351244857435
COc1ccc2c(c1)CCCC2,-1.373443719770311
c1ccc2c(c1)CCO2,-1.1144968544623066
CC(=O)c1ccc2c(c1)CCCC2,-1.3307938088838809
Cc1cccc2c1CCCC2C,-1.8906059408872928
CCc1ccncc1,-1.161729573442421
Cc1ccc2ccccc2n1,-1.2830514998900537
Cc1cnc2ccccc2c1,-1.3315123622071596
Cc1ccc2ncccc2c1,-1.397708743302535
COc1ccc(C)cc1,-1.1931477023931372
c1ccc2c(c1)Cc1ccccc1O2,-1.9001108923444787
Cc1ccc(C)cc1,-1.3099596646240013
Cc1ccc(C(C)C)cc1,-1.5988047808241355
CCc1cccc(CC)c1,-1.5334119596088076
Cc1ccc(Cl)cc1,-1.4002647113987794
Cc1ccc(Br)cc1,-1.4834104913990287
CCc1ccccc1CC,-1.5149341857406249
CCc1cc(CC)cc(CC)c1,-1.8383744326991298
c1ccc(CCCc2ccccc2)cc1,-2.157631061593145
Clc1ccc2c(c1)Cc1cc(Cl)ccc1-2,-2.3588237510528427
Cc1ccc2nc(C)ccc2c1,-1.7889513129118673
CC(C)(C)c1ccc2c(c1)Cc1cc(C(C)(C)C)ccc1-2,-2.75372995170283
Cc1ccc2cccc(C)c2n1,-1.4726428108400764
COc1ccc2nc(C)ccc2c1,-1.4176280338696547
Fc1ccc2c(c1)Cc1ccccc1-2,-1.8208169986655014
Cc1cccc2ncccc12,-1.482631698924172
c1cnc2c(c1)CCC2,-1.062686294441233
COc1ccccc1C,-1.3400069831663095
COc1cccc(C)c1C,-1.3995522540554857
Cc1ccc(C(C)(C)C)cc1,-1.8834992822804892
COc1ccc(C)c(C)c1,-1.287645474828658
Cc1cc(C(C)(C)C)cc(C(C)(C)C)c1,-2.428145418738956
CCc1ccccc1OC,-1.3199927704305143
c1ccc(CCc2ccccc2)cc1,-1.6785197377325258
CCc1ccc(OC)cc1,-1.1471959923071693
COc1cc(C)ccc1C,-1.3865905850097888
COc1cccc(C)c1,-1.247688994857016
CCc1cccnc1,-1.0051064016274613
CCc1ccccn1,-1.1404947017774165
CCCc1ccccn1,-1.2813600896405641
Cc1ccc(C#N)cc1,-1.1513523930936602
Cc1cc2ccccc2s1,-1.6108755567230688
CCc1ccc(Cl)cc1,-1.3525598515427546
CCc1ccc(C)cc1,-1.3026997631446757
CCCCCc1ccccc1,-1.930536372960771
CCc1ccc(Br)cc1,-1.4615904394224712
COc1cc(C)cc(C)c1,-1.396661321364929
CCc1cccc2ccccc12,-1.666506920431286
CCc1cccc(C(C)(C)C)c1,-2.0382025855445534
Cc1cc(C)cc(C(C)(C)C)c1,-2.032844938459017
Cc1cccc([N+](=O)[O-])c1C,-1.301168887874785
c1ccc(CCCc2ccncc2)cc1,-1.79690093982016
c1cnc2c(c1)CCCC2,-1.03417855192127
CCCCCCc1cccs1,-2.0817783640163445
Fc1ccc(Cc2nc3ccccc3[nH]2)cc1,-1.723135867086687
CCOc1ccc(CC)cc1,-1.4929478037289359
CCCCCc1cccs1,-1.8256576582639386
CCCCc1cc2ccccc2o1,-1.863473387047892
CCc1ccc2cc(CC)ccc2c1,-2.1010890217957017
CCCc1cccs1,-1.2848389432327991
COc1cccc(OC)c1C,-1.1303869435094032
Cc1ccc(CCc2ccc(C)cc2)cc1,-2.212645100919582
CC(C)CCCOC(=O)c1ccccc1,-1.6361182960859766
CCOC(=O)C1(C)CCCC2(C)C3CCC4(C)CC3(CCC12)CC4=O,-2.33682884119062
CCCCCOC(=O)c1ccccc1,-1.8041971479570535
CC1CCC2C(C)(C)C3CC12CCC3(C)O,-1.7496051289416161
CC(C)C1CCC2C(=O)CCC(C)C2(C)C1,-1.9778816434014455
CCCC(C)COC(=O)C(C)(C)C,-1.724884894131805
O=C(OC1CCCCCC1)c1ccccc1,-1.9747960829899058
CCCCCOC(=O)C1CCCCC1,-1.7316586847999715
CC12CCC3c4ccc(OS(=O)(=O)C(F)(F)F)cc4CCC3C1CCC2=O,-2.2018941176974183
C=CCCCCCCCCC(=O)N[N+](C)(C)C.F[B-](F)(F)F,-2.0866021042715794
CC(=O)OC1CCC2(C)C(CCC3C2CCC2(C)C(C(C)=O)CCC32)C1,-2.596084572385477
CC(=O)OC1CC(C)CCC1C(C)C,-1.4772156892922723
CC(=O)OC1CCC2(C)C(CCC3C4CCC(=O)C4(C)CCC32)C1,-2.4135987167106894
COC(=O)C1(C)CCCCC1,-1.1437043637618585
CC(=O)CCC1C(C)CCCC1(C)C,-1.8663578312335303
COc1ccc(C(=O)Cc2ccccc2)cc1,-1.5018619436272453
CC(=O)c1ccc2c(c1)Cc1ccccc1-2,-2.0244089793678115
Brc1ccc2c(c1)Cc1ccccc1-2,-1.88734815348536
Ic1ccc2c(c1)Cc1ccccc1-2,-1.9817545008297028
Cc1ccc(C(=O)Cc2ccccc2)cc1,-1.7071718124563455
O=C(Cc1ccccc1)c1ccc(Cl)cc1,-2.003265240095438
CCc1ccc(C(=O)Cc2ccccc2)cc1,-2.1443692867735455
O=C(Cc1ccccc1)c1ccc(F)cc1,-1.964287482091038
Cc1ccc(CC(=O)c2ccc(C)cc2)cc1,-1.969007890374909
O=C(Cc1cc2ccccc2s1)c1ccccc1,-2.2544233260017807
Cc1ccc(C(=O)Cc2ccc3ccccc3c2)cc1,-2.334597078080486
COc1ccccc1C(=O)Cc1ccccc1,-1.523579508857826
O=C(Cc1ccccc1)c1cccnc1,-1.4660908136282467
Cc1ccc(CC(=O)c2ccccc2)s1,-1.8420048229870258
CCCCCCCC,-2.0107012327245943
CCc1ccc(CC)cc1,-1.8271576015690687
Cc1ccc(-c2ccccc2)cc1,-2.084923763466611
CCc1ccc(-c2ccccc2)cc1,-1.92158907893063
CCCc1ccc(OC)cc1,-1.303156015968889
CCCCOc1ccc(CC)cc1,-1.8951306592829957
CCc1ccc(-c2ccc(CC)cc2)cc1,-2.265308477603697
CCc1ccc(-c2ccc(Br)cc2)cc1,-2.537206973833126
CCCCc1ccc(-c2ccccc2)cc1,-2.39372507157885
COc1ccc(C(C)C)cc1,-1.6710119136193868
CCc1ccc(OCc2ccccc2)cc1,-1.984078791583015
CCc1ccc(C(=O)OC)cc1,-1.1915448911782283
CCc1ccc(OC(C)=O)cc1,-1.438302598408833
COc1ccc2c(c1)C(=O)CCC2,-1.3786648246065223
COc1cc2c(cc1OC)C(=O)CC2,-1.0183175580210309
CCCCc1ccc(Br)cc1,-1.8703824425417876
CC(C)CCc1ccccc1,-1.804962350358843
C#CCCCc1ccccc1,-1.2425346566578974
CC(C)c1ccc(Br)cc1,-1.9054291662756808
BrCCCc1ccccc1,-1.64185771264615
Brc1ccc2c(c1)CCCO2,-1.651495679950402
CC(=O)c1cc(C(C)(C)C)cc2c1CCC2(C)C,-2.34189984453042
COC(=O)Cc1ccc(-c2ccccc2)cc1,-1.650652038982177
COC(=O)C(C)c1ccc(CC(C)C)cc1,-1.689272943543075
CCCCCCc1ccc(Br)s1,-2.272407915599169
CCc1ccc(C(C)=O)cc1,-1.271549320237391
CCc1cccc(C(=O)OC)c1,-0.9814745439690329
CCc1ccc(-c2ccccc2)c(F)c1,-1.9196311362016385
CCc1ccc2nc(-c3ccccc3)sc2c1,-2.4704646781518598
CCc1ccc2nc(-c3ccccc3)oc2c1,-2.1350566788540535
CCc1ccc2c(c1)oc1ccccc12,-2.2725740008262485
COc1ccc(CC(=O)c2ccc(OC)cc2)cc1,-1.5670710154469216
COc1ccc(CC#N)cc1,-0.8649003498943831
COC(=O)CCc1ccc(Cl)cc1,-1.3801364591663579
O=S(=O)(OCCCc1ccccc1)c1ccccc1,-1.7667780644052495
C=CCCc1ccc(OC)cc1,-1.7852981947702915
COc1ccc(CCCO)cc1,-0.8457323249352546
COC(=O)C(C)(C)Oc1ccc(CCNC(=O)c2ccc(Cl)cc2)cc1,-1.9527796662883796
CCc1ccc(C2CCCCC2)cc1,-2.359888815239688
CCc1ccc(CCl)cc1,-1.7982253401956736
CCc1ccc2c(c1)Cc1ccccc1-2,-1.9878441399001532
Cc1ccc(Br)cc1Cc1ccc(-c2ccc(F)cc2)s1,-2.9574425999467135
CC(=O)c1ccc(CCc2ccccc2)cc1,-1.833575303769935
c1ccc(CCCc2ccccn2)cc1,-1.8471471645519586
CC(C)(C)c1ccc(CCc2ccccc2)cc1,-2.332609253742358
Cc1cc(C)c2nc(C3CCCCC3)n(Cc3ccccc3)c2c1,-2.8366647630686055
Cc1cc2nc(-c3ccccc3)sc2c(C)c1C,-2.4758776540869727
Cc1cc2nc(-c3ccccc3)oc2cc1C,-2.0447105596065334
Cc1cc(C)c2c(c1)C(C)(CC(F)(F)F)C(=O)N2C,-1.7630824691220612
COC(=O)C1(C(=O)OC)CC(=O)N(C)c2c(C)cc(C)cc21,-0.9162635368587984
COC(=O)C1(C)CCCC2(C)c3ccc(C(C)C)cc3CCC12,-2.4630887102895467
COC(=O)Cc1ccc2c(c1)C(=O)c1ccccc1CO2,-1.4456764001350781
CCCCCCc1ccccc1,-1.9116056095014355
COc1ccc(CCCOC(=O)C(NC(=O)OC(C)(C)C)C(C)C)cc1,-1.6923627430704906
CCc1ccc(CCNC(=O)C2CC(F)(F)C2)cc1,-1.5670344751641831
CCc1ccc(COC(=O)c2ccccc2)cc1,-1.7769072340205991
COc1ccc(CCC(=O)OCCCc2ccccc2)cc1,-2.0816472615643966
CC(C)c1ccc(CCc2ccccc2)cc1,-2.249979167936823
Nc1c(Oc2ccccc2)cc(O)c2c1C(=O)c1ccccc1C2=O,-1.8389362602158328
COc1cc(N)c2c(c1N)C(=O)c1ccccc1C2=O,-0.9097099424028149
c1ccc2cc(-c3ccc4ccccc4c3)ccc2c1,-2.9769385896234266
O=c1c2ccccc2c2ccc3sc4ccccc4c4ccc1c2c34,-3.047834516599243
N#Cc1c(N)c2c(c(N)c1C#N)C(=O)c1ccccc1C2=O,-0.933667170715323
O=C(O)C(=O)c1ccc2ccccc2c1,-1.3131274619692679
Oc1cccc2cc3cccc(O)c3c(O)c12,-1.7749870185045353
C#Cc1cc(C#C)c2ccc3c(C#C)cc(C#C)c4ccc1c2c43,-2.467391216844888
O=C(O)c1c[nH]c2c(ccc3ccccc32)c1=O,-1.3288191381900538
Nc1ccc(N)c2c1C(=O)c1c(N)ccc(N)c1C2=O,-0.7739914263518282
c1ccc(Nc2cc3ccccc3c3ccccc23)cc1,-2.8371814830982482
Nc1cc2ccccc2cc1N,-1.1774025019520944
c1cc2ccc3ccc4ccc5cccc6c(c1)c2c3c4c56,-3.1032456724839648
Nc1c(O)cc(S(=O)(=O)O)c2ccccc12,-1.037934710568198
Oc1cc2ccccc2cc1O,-1.361590101388393
Nc1cc2ccccc2cc1O,-1.3495840430903616
Nc1cccc2c1C(=O)c1ccccc1C2=O,-1.4283418543629027
O=C1c2ccccc2C(=O)c2cc(Br)ccc21,-2.0039900700864286
O=C1c2ccc(O)cc2C(=O)c2ccc(O)cc21,-1.2212088612775303
Nc1cccc2c1C(=O)c1cccc(N)c1C2=O,-1.0344906611490536
O=C(O)c1ccc2c(c1)C(=O)c1ccccc1C2=O,-1.2444211597321455
Oc1cc2c3cc(O)c(O)cc3c3cc(O)c(O)cc3c2cc1O,-1.925897551400335
O=C(O)c1cc2ccccc2c(N=Nc2c(O)cc(S(=O)(=O)O)c3ccccc23)c1O,-2.4060333332709485
O=C(O)c1cc(O)c2ccccc2c1O,-1.2765754685702722
O=C1c2cccc(Cl)c2C(=O)c2c(Cl)cccc21,-2.1755402718760655
Nc1ccc2c(c1)C(=O)c1ccc(N)cc1C2=O,-1.1838182322693613
O=C1C(=O)c2ccc(Br)cc2-c2cc(Br)ccc21,-2.262813720630993
O=C1C(=O)c2cc(Br)ccc2-c2ccc(Br)cc21,-2.114090829006394
CNc1ccc(NC)c2c1C(=O)c1ccccc1C2=O,-1.4867059122226953
Oc1ccc(O)c2ccccc12,-1.4922133377000717
CC(C)(C)c1ccc2c(c1)C(=O)c1ccccc1C2=O,-2.048117526210893
O=C1c2cccc(O)c2C(=O)c2cccc(O)c21,-1.0342459248032352
O=C1c2cccc(Cl)c2C(=O)c2cccc(Cl)c21,-1.9714687627997955
O=C1c2ccccc2C(=O)c2c1cccc2[N+](=O)[O-],-1.3501057876007356
O=C1C=CC(=O)c2c(O)c(Cl)c(Cl)c(O)c21,-1.5123047267405136
Nc1ccc(O)c2c1C(=O)c1ccccc1C2=O,-1.0815275635802895
O=C1c2ccccc2C(=O)c2cc(-c3ccccc3)ccc21,-2.277978304694296
O=C1c2ccccc2-c2ccc(Br)c3cccc1c23,-2.464879632502817
O=C1NC(=O)c2ccc3c4ccc5c6c(ccc(c7ccc1c2c73)c64)C(=O)NC5=O,-1.717012617194755
O=c1c(=O)c2cccc3ccc4cccc1c4c32,-1.4823399850474597
CNc1cccc2c1C(=O)c1ccccc1C2=O,-1.4424217889323243
O=C1c2ccccc2C(=O)c2c(F)ccc(F)c21,-1.6501424211208782
O=C(O)c1c(O)cc2ccccc2c1O,-1.2287385313282644
Cc1ccc(Nc2ccc(Nc3ccc(C)cc3)c3c2C(=O)c2ccccc2C3=O)cc1,-3.2302247530013553
Nc1c(O)ccc2ccccc12,-1.208758204138494
O=C1c2ccccc2C(=C2c3ccccc3C(=O)c3ccccc32)c2ccccc21,-2.7804770337596385
COc1cc2c3cc(OC)c(OC)cc3c3cc(OC)c(OC)cc3c2cc1OC,-2.509697734804673
O=C1c2ccccc2C(=O)c2c(Cl)ccc(Cl)c21,-1.959050876981852
O=C1c2ccccc2C(=O)c2cc(O)ccc21,-1.3261515503750163
Nc1cc2ccccc2c2ccccc12,-1.7790136159677692
O=C1C=CC(=O)c2c(O)ccc(O)c21,-0.5505165189026758
O=c1c2ccccc2c(=O)c2cc3c(=O)c4ccccc4c(=O)c3cc12,-1.6498046042834362
c1ccc2c(c1)=c1ccc3c4ccc5c6c(ccc(c7ccc=2c1c37)c64)=c1ccccc1=5,-3.6246949412462657
O=C1OC(=O)c2cc(Br)c3c4ccc5c6c(cc(Br)c(c7ccc1c2c73)c64)C(=O)OC5=O,-2.669408080690818
O=C1c2c(O)ccc([N+](=O)[O-])c2C(=O)c2c([N+](=O)[O-])ccc(O)c21,-1.1369347826609721
O=C1c2c(Cl)ccc(Cl)c2C(=O)c2c(Cl)ccc(Cl)c21,-2.3975077751042737
c1ccc2c(c1)c1ccccc1c1nccnc21,-1.9805582976524299
Oc1cc2ccccc2c(-c2c(O)c(O)cc3ccccc23)c1O,-2.126038893934109
O=C1c2ccccc2C(=O)c2c(Br)cccc21,-1.5555082514332927
c1ccc2cc3c4ccccc4c4ccccc4c3cc2c1,-3.216754074543808
O=Cc1ccc2c3cccc4cccc(c5cccc1c52)c43,-2.6826937904406583
O=C1c2ccccc2C(=O)c2c1ccc(C(=O)O)c2[N+](=O)[O-],-1.2081559928263432
O=C1c2ccccc2C(=O)c2c(Nc3cccc4c3C(=O)c3ccccc3C4=O)cccc21,-2.3718576148088846
O=C1c2ccccc2-c2ccc3c4ccc5c6c(ccc(c7ccc1c2c73)c64)-c1ccccc1C5=O,-3.8729503021915876
CN1C(=O)c2ccc3c4ccc5c6c(ccc(c7ccc(c2c37)C1=O)c64)C(=O)N(C)C5=O,-1.9755125261649664
O=C(O)c1cc2c(cc1C(=O)O)C(=O)c1ccccc1C2=O,-0.9778904346377479
CC1(C)C(=O)NC2=C1C(=O)C(=O)c1ccccc12,-0.7472933606354216
Brc1ccc2c3cccc4c(Br)ccc(c5cccc1c52)c43,-3.564812029096175
CC(=O)Nc1ccc(O)c2c1C(=O)c1ccccc1C2=O,-1.2668449943644373
Nc1c(Br)cc(Br)c2c1C(=O)c1ccccc1C2=O,-1.6243326191222607
O=C(O)c1ccc2c3cccc4c(C(=O)O)ccc(c5cccc1c52)c43,-2.57640912193578
O=C1c2cccc([N+](=O)[O-])c2C(=O)c2c1cccc2[N+](=O)[O-],-1.4319650887841167
O=c1c2ccccc2c(=O)c2c1ccc1[nH]c3c(ccc4c(=O)c5ccccc5c(=O)c43)[nH]c12,-2.249326404107599
CC1=C(N)C(=O)c2ccccc2C1=O,-0.8446686972817076
N#Cc1c(C#N)c(O)c2ccccc2c1O,-1.5173403734043462
C=Cc1ccc2c(=C(C#N)C#N)c3ccccc3c(=C(C#N)C#N)c2c1,-1.6762467182611374
O=c1c2ccccc2c(=O)c2c1cc(Cl)c1[nH]c3c([nH]c12)c(Cl)cc1c(=O)c2ccccc2c(=O)c13,-2.768923083223314
O=C(O)c1ccc2c3ccc(C(=O)O)c4c(C(=O)O)ccc(c5ccc(C(=O)O)c1c25)c43,-2.5849862311161953
Oc1c2ccccc2cc2ccccc12,-1.9162197999246686
O=c1c2ccccc2c2nc3ccc4c(=O)c5ccccc5c5nc6ccc1c2c6c3c45,-2.6613672345506845
Sc1cc2c3cc(S)c(S)cc3c3cc(S)c(S)cc3c2cc1S,-3.1754134203292828
O=C1c2ccccc2C(=O)C1(O)O,-0.23574559401778605
O=C1c2ccccc2-c2ccccc21,-1.6555419975767254
CC1(C)c2ccccc2-c2ccccc21,-1.9185671021243065
CC1(C)c2ccccc2-c2ccc(B(O)O)cc21,-1.0450766213426155
O=C1c2cc(Br)ccc2-c2ccc(Br)cc21,-2.2176421995528326
Oc1ccc(C2(c3ccc(O)cc3)c3ccccc3-c3ccccc32)cc1,-2.5747717192364266
O=C1c2ccccc2-c2ccc(Br)cc21,-2.2855122294087833
OB(O)c1ccc2c(c1)C1(c3ccccc3-c3ccccc31)c1ccccc1-2,-1.8996092572119194
c1ccc2c(c1)-c1cccc3cccc-2c13,-2.287866961517152
ON=C1c2ccccc2-c2ccccc21,-1.6120660979959367
O=C(O)c1cccc2c1-c1ccccc1C2=O,-1.3945870294651495
Nc1ccc(C2(c3ccc(N)cc3)c3ccccc3-c3ccccc32)cc1,-2.677569606738007
NN=C1c2ccccc2-c2ccccc21,-1.3798911075065554
Nc1ccc(C2(c3ccc(N)c(F)c3)c3ccccc3-c3ccccc32)cc1F,-2.6981367416681343
O=C(O)C1(O)c2ccccc2-c2ccccc21,-1.2198428589811923
CC1(C)CC(C)(c2ccccc2)c2ccccc21,-2.423864671738988
FC(F)(F)[S+]1c2ccccc2Sc2ccccc21.O=S(=O)([O-])C(F)(F)F,-2.3352652532593097
O=C(F)c1ccc(-c2ccccc2)cc1,-1.941395055743809
O=S(=O)(Oc1ccccc1Br)C(F)(F)F,-1.476527211922964
c1ccc(-n2c(-c3cc(-c4nc5ccccc5n4-c4ccccc4)cc(-c4nc5ccccc5n4-c4ccccc4)c3)nc3ccccc32)cc1,-4.847711655616943
O=Cc1cc2c(s1)c1cc(C=O)sc1c1cc(C=O)sc21,-2.288428956442105
Ic1ccc(C(=C(c2ccc(I)cc2)c2ccc(I)cc2)c2ccc(I)cc2)cc1,-4.037630664329979
O=C(Nc1ccccc1-c1ccccc1)C(=O)Nc1ccccc1-c1ccccc1,-2.5499452896630643
O=Cc1ccc(-c2cc(-c3ccc(C=O)cc3)c(-c3ccc(C=O)cc3)cc2-c2ccc(C=O)cc2)cc1,-3.587746148640022
O=C(O)c1ccc(P(=O)(c2ccc(C(=O)O)cc2)c2ccc(C(=O)O)cc2)cc1,-1.2167456259572254
O=c1c(-c2ccc(O)cc2)coc2cc(O)ccc12,-1.6206385625017858
CC(C)(O)C(=O)c1ccccc1,-1.0476149632159668
O=C1CC(c2ccc(O)cc2)Oc2cc(O)cc(O)c21,-1.640346788902909
O=C1C=CC(=O)c2ccccc21,-1.063976281322606
ClC(c1ccccc1)(c1ccccc1)c1ccccc1,-2.6881311191017265
O=C1OC(=O)c2cc(-c3ccc4c(c3)C(=O)OC4=O)ccc21,-1.5810131973147283
COc1ccc(C(=O)c2ccccc2)c(O)c1,-1.2969508623501163
CC(C)(C)c1cc(O)ccc1O,-1.1765728154255755
Oc1ccccc1-c1ccccc1,-1.7964225455881377
COc1cccc(-c2cc(=O)c3ccccc3o2)c1N,-1.709060593956286
O=C1c2ccccc2C(=O)c2c1ccc(O)c2O,-1.0438628360094884
O=c1cc(-c2ccccc2)oc2ccccc12,-1.8139516616588514
O=c1cc(-c2ccccc2)oc2cc(O)cc(O)c12,-1.6874171950596495
O=C1C(=O)c2ccccc2-c2ccccc21,-1.6364328807205593
O=c1cc(-c2ccccc2)oc2cc(O)c(O)c(O)c12,-1.427767292010994
O=Cc1c(O)ccc2ccccc12,-1.303859352785606
c1ccc(Nc2ccc3ccccc3c2)cc1,-2.475977310937234
O=C(O)c1cc(=O)c2ccccc2[nH]1,-0.9695851090544365
CC(C)(C)c1ccccc1,-1.6700154770143762
Brc1ccc(-c2ccccc2)cc1,-2.2194621395585328
COc1ccc(-c2coc3cc(O)ccc3c2=O)cc1,-1.5104424793033266
O=C(c1ccccc1)c1ccc(O)cc1O,-1.2658730560579612
O=c1c2ccccc2oc2ccccc12,-1.4567702825442566
Nc1ccc(Cl)c(C(F)(F)F)c1,-1.7923750832633474
Nc1ccc(F)c(Cl)c1,-1.2560957004277034
CC(C)(Oc1ccc(Cl)cc1)C(=O)O,-1.6776524832399162
Oc1cc(Cl)ccc1Oc1ccc(Cl)cc1Cl,-2.42287037810011
Nc1ccc(Cl)cc1C(=O)c1ccccc1Cl,-1.9916833191824013
OB(O)c1ccc(Cl)cc1F,-0.19009680205026966
O=C1Nc2ccc(F)cc2C1=O,-0.6081841352561297
Brc1ccc2[nH]ccc2c1,-1.712844842529632
Nc1ccc(Cl)cc1C(=O)c1ccccc1,-1.6314587692824707
O=C(O)c1cc2cc(Br)ccc2[nH]1,-1.5280802047753794
Brc1ccc2[nH]c3ccccc3c2c1,-2.043054426552082
Nc1nc(-c2ccc(Cl)cc2)cs1,-1.6943919351923848
O=C(c1ccc(O)cc1)c1ccc(Cl)cc1,-1.6446222414857654
O=C(c1ccc(Br)cc1)c1ccc(Br)cc1,-2.2156173896220572
Brc1ccc2sc3ccc(Br)cc3c2c1,-2.6505853076606476
Oc1c(I)cc(Cl)c2cccnc12,-1.5692226878981592
Fc1ccccc1-c1ccccc1,-1.8143091679405075
O=c1c2ccccc2sc2ccc(C(F)(F)F)cc12,-2.386997568094904
Oc1ccc(Br)c2cccnc12,-1.3881287491351524
O=S(=O)(O)c1cc(I)c(O)c2ncccc12,-1.1710701580175413
COC(=O)c1c[nH]c2ccc(Br)cc12,-1.5454759048922322
O=C(O)c1cccc2cccc(Br)c12,-1.6341779802060779
O=C(O)c1ccccc1C(=O)c1ccc(F)cc1,-1.7753944574403082
Fc1c(F)c(F)c(-c2c(F)c(F)c(F)c(F)c2F)c(F)c1F,-2.4212813867170073
Oc1c(Cl)cc(Cl)c2cccnc12,-1.6543618126776805
O=C(Nc1ccccc1-c1ccc(Cl)cc1)c1cccnc1Cl,-2.776874392580066
O=C(O)C(F)(F)c1ccccc1,-1.0782508502030275
NC1CC1,-0.3161329405705521
CCCCCC=O,-1.00790910852019
O=C1CNCCN1,0.26642206321361345
NC(CO)C(=O)O,0.3811731144660273
Cc1ccc(N)cc1,-0.9050890800804446
OCc1cccnc1,-0.45024338415603765
C#CC[Si](C)(C)C,-0.9929240975740823
C=CC[Si](C)(C)C,-1.3423972518875886
CC1CNCC(C)O1,-0.5717409004850609
O=C(O)C1CCCN1,-0.026483004897836202
CC(N)c1ccccc1,-1.181878818299758
CC(=O)c1ccncc1,-0.7769502928076595
CN(C)C(=O)CCl,-0.4424140331207201
CC(=O)c1ccccn1,-0.8140930550457048
CN(C)c1ccccc1,-1.17054208320326
CN(C)c1ccncc1,-0.7363679998353861
CSc1ccccc1,-1.3522562360842003
CC(C)N=C=NC(C)C,-0.9817571784631473
Cc1cc(C(=O)O)no1,-0.7531264777069465
CCN(C(C)C)C(C)C,-1.322777284982265
CC(C)Cc1ccccc1,-1.6669889116435819
CC(=O)c1ccc(N)cc1,-0.9425011811177366
CCOc1ccc(O)cc1,-1.0313088454835986
COC(=O)C1CCCCC1,-1.0487555827392159
O=C(Cl)C1CCCCC1,-1.3178418588722596
C1CCC2=NCCCN2CC1,-0.9219884350761348
O=C(O)Cc1ccc(O)cc1,-0.6882192008107774
CC(=O)OC(C)c1ccccc1,-1.3254564510519482
CCOC(=O)c1ccc(N)cc1,-0.7770839084985672
O=C(CO)OCc1ccccc1,-0.5741711591364835
CN(C)C(=O)CBr,-0.6586658139837075
O=C1C=C(c2ccccc2)CCC1,-1.6062725834511253
CCOC(=O)c1ccc(C#N)cc1,-1.1123187471974778
CCOc1ccc(C(=O)OC)cc1,-1.1414611963858696
O=C(Cl)CCCBr,-1.161035704329968
Cc1ccc(Oc2ccc(C)cc2)cc1,-2.143350425434525
c1ccc(COCc2ccccc2)cc1,-1.9287158902249795
CC(=O)c1ccc(Br)cc1,-1.4614905103367661
CC(C)OC(=O)N=NC(=O)OC(C)C,-1.6808145668279577
CC(=O)NC(Cc1ccccc1)C(=O)O,-0.5592881418461111
CC(NCc1ccccc1)c1ccccc1,-1.7061549061842383
CC1(C)COB(c2ccc(C#N)cc2)OC1,-1.151251145673415
O=C(CBr)OCc1ccccc1,-1.0706861607164737
COC(=O)c1cccc(Br)c1C,-1.6077857686115293
COC(=O)Cc1ccccc1Br,-1.2168019362784124
CCN(CC)CC(=O)Nc1c(C)cccc1C,-1.4914003282182966
CN(C)C(=O)COC(=O)Cc1ccc(O)cc1,-0.2794840242679836
CCOC(C(=O)c1ccccc1)c1ccccc1,-2.0997444365315774
O=c1[nH]cnc2c1ncn2C1OC(CO)C(O)C1O,0.6510583725844272
Clc1nc(NCc2ccccc2)c2ccccc2n1,-2.0859254373450122
CC(=O)OCC1=C(C(=O)O)N2C(=O)C(N)C2SC1,-0.16236609452233633
CCOC(=O)C(CCc1ccccc1)NC(C)C(=O)O,-0.9025859594596377
CC(C)NCC(O)COc1cccc2ccccc12.Cl,-1.3636271818548136
Cc1c(C(=O)O)cccc1-c1ccc(OC(F)(F)F)cc1,-2.185649970810268
C=CC1CN2CCC1CC2C(O)c1ccnc2ccc(OC)cc12,-1.7044801142622314
O=C(O)c1cn(C2CC2)c2cc(N3CCNCC3)c(F)cc2c1=O,-1.0833613444933863
Cc1cnc(NC(=O)C2=C(O)c3ccccc3S(=O)(=O)N2C)s1,-1.0392590545267095
O=C(ON1C(=O)CCC1=O)C1CCC(=O)N1C(=O)OCc1ccccc1,-0.8479448823737512
CCN(CC)Cc1cc(Nc2ccnc3cc(Cl)ccc23)ccc1O.Cl.Cl.O.O,-2.2121323439470078
O=N[O-].[Na+],0.7231563857651219
N#Cc1ccccc1,-1.094177998009255
O=C1C=CC(=O)C=C1,-0.2580967475357859
Oc1ccc(O)cc1,-0.7978060185315804
Nc1ccc(F)cc1,-0.723637525047827
Nc1ccc(F)nc1,-0.5098207555199595
CC(C)(C)[O-].[K+],0.6269694937073359
Fc1ccnc(F)c1,-0.8040063482229901
ON=Cc1ccccc1,-0.8541253094372011
[Na+].[O-][Cl+3]([O-])([O-])[O-],3.016348750293179
O=C(O)c1cccnc1,-0.8253136401572576
COc1ccc(N)cc1,-0.9227936786846539
NC(=O)c1[nH]cnc1N,0.026612368777360295
Nc1ccc(Cl)cc1,-1.1274747220931134
Nc1ccccc1Cl,-1.1490727465543966
Nc1n[nH]c(C(=O)O)n1,0.16793924092721485
Nc1ccc(Cl)nc1,-0.8515469280288759
[O-][n+]1ccc(Cl)cc1,-1.0835186101699632
CC(C)(C)[Si](C)(C)O,-1.4355576727783512
O=[N+]([O-])c1ccc(F)nc1,-0.5891932204238719
Oc1cccc2ccccc12,-1.3290964014463202
Clc1ccnc(Cl)n1,-1.0353601961382812
CC(C)(C)[Si](C)(C)Cl,-1.8967202104717937
COc1ccc(C(=O)O)cc1,-0.975699804970917
Clc1ncnc2nc[nH]c12,-0.7586856974119895
O=[N+]([O-])c1ccc(Cl)nc1,-0.9491232243280506
COC(=O)c1sccc1O,-0.868873852651385
Nc1cccc(C(F)(F)F)c1,-1.4623698704248225
Nc1ccccc1C(F)(F)F,-1.3962191432105435
Nc1ccc(C(F)(F)F)cc1,-1.47711284251702
Nc1c(Cl)cccc1Cl,-1.1869544775923362
O=C(n1ccnc1)n1ccnc1,-0.5902695738801291
CC(C)(C)c1ccc(C=O)cc1,-1.4351149621717558
Nc1nc(Cl)c2[nH]cnc2n1,-0.7759704462002008
Nc1ccc(Br)cc1,-1.0738379002099585
Nc1ccc(Br)nc1,-0.963013928583947
O=C(c1ccccc1)C(F)(F)F,-1.4547136955233948
N=C(c1ccccc1)c1ccccc1,-1.6198558438713417
N#Cc1ccc(Br)cc1,-1.259726286818352
O=C(c1ccccc1)c1ccncc1,-1.1407596825167268
Clc1nc(Cl)c2[nH]cnc2n1,-0.9193609605619505
CN(CC(=O)O)C(=O)OC(C)(C)C,-0.9392323420353944
Clc1nc(Cl)c2ccccc2n1,-1.6920213932383938
O=[N+]([O-])c1ccc(Br)nc1,-1.27776068326144
N#Cc1ccc(C(=O)c2ccccc2)cc1,-1.525429376730298
O=C(C(=O)c1ccccc1)c1ccccc1,-1.3641573545908225
Cl.NC(N)=Nc1ccc(C(=O)O)cc1,-0.40465097934523075
COc1ccnc(-c2cc(OC)ccn2)c1,-1.3480731715589471
CC1(C)OB(c2ccc(N)cc2)OC1(C)C,-0.950980495272854
NC1=NC(=O)C(=Cc2ccc(O)cc2)S1,-1.0899553862807168
FC(F)(F)c1ccc(Br)cc1,-1.908384809171802
CC1(C)OB(c2ccc(C#N)cc2)OC1(C)C,-1.194094661590632
Fc1c(F)c(F)c(C(F)(F)F)c(F)c1F,-1.8913499183493192
COc1ccnc2c1ccc1c(OC)ccnc12,-1.6801537924227758
O=C([O-])[O-].[Cs+].[Cs+],3.340853980637009
Clc1ccccc1C(c1ccccc1)(c1ccccc1)n1ccnc1,-2.8502588158457716
CN(C)C(n1n[n+]([O-])c2ncccc21)=[N+](C)C.F[P-](F)(F)(F)(F)F,-1.389656966351524
C=C1c2cccc(O)c2C(O)=C2C(=O)C3(O)C(O)=C(C(N)=O)C(=O)C(N(C)C)C3C(O)C12.Cl,-0.23527220517875896
O=C(NC1CCCC1)c1ccccc1,-1.3814522707575354
O=C(c1ccccc1)N(C1CCCCC1)C1CCCCC1,-2.4103807667343897
O=S(=O)(c1ccc(C(F)(F)F)cc1)C12CCC1C2,-1.760525336534816
O=C(OC1CCC1)c1ccc(C(F)(F)F)cc1,-1.7049144751743421
C=C(C)C1CCC2=CC(=O)CC(C)C2(C)C1,-2.3159923599678622
C#CC1(O)CCC2C3CCc4cc(O)ccc4C3CCC21C,-1.9594823516119009
CC12CCC3c4ccc(O)cc4CCC3C1CCC2=O,-1.8879901817926006
CC(C)c1ccc2c(c1)CCC1C(C)(CN)CCCC21C,-2.423348188396035
CC12CCC3c4ccc(O)cc4CCC3C1CCC2O,-1.8388656811033421
CC1=C2C3OC(=O)C(C)C3CCC2(C)C=CC1=O,-1.3489883153698767
C=C1C(=O)OC2CC3(C)CCCC(=C)C3CC12,-1.7981712540220107
Cc1nccn1CC1CCc2c(c3ccccc3n2C)C1=O,-1.677887554851667
COc1ccc2cc(CCC(C)=O)ccc2c1,-1.8832274014942239
CC1COC2=C1C(=O)C(=O)c1c2ccc2c1CCCC2(C)C,-1.8701255718570011
Cc1coc2c1C(=O)C(=O)c1c-2ccc2c1CCCC2(C)C,-1.8707040832901314
O=C1C(=O)c2ccccc2C(O)=C1C1CCC(c2ccc(Cl)cc2)CC1,-2.539649352208836
CC(C)(C)C1CCC(CC2=C(O)c3ccccc3C(=O)C2=O)CC1,-2.351423676411482
CC(=O)c1cc2c(cc1C)C(C)(C)C(C)CC2(C)C,-2.12140645992146
CC1COCc2cc3c(cc21)C(C)(C)C(C)C3(C)C,-2.43546897854076
CCC1(c2cnc[nH]2)Cc2ccccc2C1,-1.4738105283387448
CCc1nc(N)nc(N)c1-c1ccc(Cl)cc1,-1.4797628338451703
c1cc2ccc3ccc4ccc5ccc6ccc1c1c2c3c4c5c61,-3.304890610358728
c1ccc2c(c1)cc1ccc3cccc4ccc2c1c34,-2.803452432241974
O=C1c2ccccc2C(=O)c2c(O)ccc(O)c21,-1.2118856926916404
Nc1ccc(N)c2c1C(=O)c1ccccc1C2=O,-1.2238567488055538
c1ccc2c(c1)ccc1c3ccccc3ccc21,-2.4283418194289763
O=C1c2ccccc2C(=O)c2c(O)c(O)cc(O)c21,-1.2592831338373145
O=C(c1ccccc1)c1ccc2ccccc2c1,-2.2115661113797973
Nc1c(Cl)c(Cl)c(N)c2c1C(=O)c1ccccc1C2=O,-1.4436367505091254
Nc1ccc2cc3ccccc3cc2c1,-1.9740714507063515
C#Cc1ccc2ccc3cccc4ccc1c2c34,-2.300862824466839
O=C1c2cc3ccccc3cc2C(=O)c2cc3ccccc3cc21,-2.444604069419021
Oc1cc2ccccc2c2ccccc12,-1.7830451907521898
Nc1nc(-c2ccc3ccccc3c2)cs1,-1.769226679642902
O=C1c2ccccc2C(=O)c2cc3ccccc3cc21,-1.9482058521878127
OB(O)c1cccc(-c2ccc3ccccc3c2)c1,-1.3563890717518527
c1ccc2cc(-c3cc4ccccc4[nH]3)ccc2c1,-2.3549365156580895
c1ccc2cc3c(cc2c1)-c1cccc2cccc-3c12,-2.5870877524829914
O=C1c2ccccc2-c2n[nH]c3cccc1c23,-1.4839208682655334
O=C(O)c1ccc2ccc3cccc4ccc1c2c34,-1.9497906691133349
c1ccc2c(c1)ccc1c3ccccc3[nH]c21,-2.1717471391577288
Nc1cccc2cc3ccccc3cc12,-1.8787900629996146
O=C1C=CC(=O)c2cc3ccccc3cc21,-1.4298289847447385
CC(C)(C)c1ccc2cc3ccccc3cc2c1,-2.537593915313568
O=C(O)c1cc(-c2ccc3ccccc3c2)n[nH]1,-1.734611478486302
CC(C)(C)c1ccc2ccc(C(C)(C)C)cc2c1,-2.858321380786967
CC(C)(C)c1ccc2cc(C(C)(C)C)ccc2c1,-2.4544839527786038
O=C1c2ccccc2-c2cc3ccccc3cc21,-2.1713165851866614
Oc1ccc2c(ccc3ccccc32)c1,-1.866116379491319
CC1(C)OB(c2ccc(-c3ccc4ccccc4c3)cc2)OC1(C)C,-2.521317082920135
Oc1ccc(O)c2c(O)c3ccccc3c(O)c12,-1.649476311567819
Nc1cc2c(cc1O)C(=O)c1ccccc1C2=O,-0.9800328194417189
Nc1ccc2ccc3c(N)ccc4ccc1c2c43,-1.9655680429156552
Nc1c(N)c2ccccc2c2ccccc12,-1.8175074840043777
O=C(c1ccc2ccccc2c1)C(F)(F)F,-1.9835023005909422
Nc1c(Br)cc(O)c2c1C(=O)c1ccccc1C2=O,-1.4795306819567762
OB(O)c1ccc(-c2ccc3ccc4cccc5ccc2c3c45)cc1,-2.038020378076013
Brc1c2ccccc2cc2c1ccc1ccccc12,-2.9015615311480847
C=CC(=O)c1ccc2ccccc2c1,-1.7036981898307448
CC(C)(N)c1ccc2ccccc2c1,-1.7214615652533487
CNc1ccc(Br)c2c1C(=O)c1ccccc1C2=O,-1.6657363747204803
C=CC(=O)c1ccc2cc(N(C)C)ccc2c1,-1.7479465881807446
COc1ccc2c(c[n+](C)c3c4cc5c(cc4ccc23)OCO5)c1OC,-1.790184032532908
COC(=O)c1cccc2cc3cccc(C(=O)OC)c3cc12,-1.775664370012506
